Company Name,Website,City,Segment,What They Make,Revenue Band,Decision Maker,DM Title,DM Background,E1: Producer,E1 Evidence,E2: Accessible,E2 Evidence,C3 Differentiation,C3 Evidence,C4 DM Quality,C4 Evidence,C5 Growing Sector,C5 Evidence,C6 Growth Signals,C6 Evidence,C7 Systems Maturity,C7 Evidence,C8 Leadership Succession,C8 Evidence,Federer Score,Score Band,Verdict,Verdict Reasoning,Personalization Hook,Evidence Sources
Chakradhara Aerospace & Cargo Pvt Ltd (LTE Division),cacplaerospace.com,Coimbatore,Precision auto components & engineering (Basket C),"Aerospace actuators, control valves, sensors, fluid control components, critical subsystems for ISRO and Indian defence",Rs.100-300Cr,LMW Group Promoters,Founder-led Group,Promoted by LMW Limited promoters — a 60-year Coimbatore engineering dynasty with deep aerospace and machine tool pedigree. Generational technical leadership.,PASS,"Own facility in Coimbatore. In-house design, engineering, manufacture, assembly and testing of aerospace components. Produces complete modules — not a job-shop.",PASS,"HQ and manufacturing in Coimbatore, Tamil Nadu. Primary operations in India.",Strong (20),ISRO supplier producing actuators and fluid control components for every ISRO mission since 2004. Extremely high-barrier — aerospace grade with zero-failure requirement. Not commodity machining.,Strong (15),Promoted by LMW promoters — family that built one of India's most respected capital goods conglomerates over 6 decades. Engineering pedigree is institutional.,Strong (15),"Defence indigenization, IN-SPACe private sector opening, Make-in-India aerospace. Critical component manufacturing is top government priority.",Strong (15),Aggressive hiring listed on LinkedIn. Aerospace is fastest-growing division. ISRO increasing launch frequency drives component demand. Signals met: Hiring + Facility expansion.,Strong (20),Aerospace manufacturing mandates AS9100-type QMS. Complete module realization from design to test requires integrated MES and production planning. LMW Group systems heritage ensures structured operations.,Strong (15),LMW Group promoted — multi-generational professional management structure. Institutional backing ensures leadership depth. Formal group board governance across divisions.,100,A — Strong Federer,Strong Pass,ISRO-grade aerospace manufacturer promoted by LMW Group. Technical moat is real — actuators and fluid control for space are not replicable without decades of aerospace quality systems.,"Manufactures ISRO-critical aerospace actuators and fluid control components from Coimbatore — promoted by the same group behind LMW Limited, India's largest textile machinery company.",cacplaerospace.com; LinkedIn; LMW Group promoter disclosures; ISRO supplier network references
PRICOL Engineering Industries Pvt Ltd,pricolengineering.com,Coimbatore,Precision auto components & engineering (Basket C),"Defence subsystems, railway electronics, automotive alternators, sensors, switches, wiring harness, specialty gauges — multi-sector specialty manufacturer",Rs.100-300Cr,Pricol Group Promoters,MD / Director,"Pricol Group is a globally recognised Coimbatore engineering conglomerate. PEIPL founded 1995 as specialty engineering division. Deep multi-decade technical engineering DNA across automotive, defence and railways.",PASS,"In-house manufacturing of defence and railway sub-systems, wiring harness, specialty gauges and sensors. Established 1995 with dedicated production facilities in Coimbatore.",PASS,"Part of Pricol Group, Coimbatore. Manufacturing operations in Tamil Nadu.",Strong (20),Multi-sector specialty: defence + railways + automotive sensors under one roof. Won Excellence in New Model Cost & Development Award from Honda Motorcycle March 2026 — third-party OEM quality validation.,Strong (15),Pricol Group is a 50+ year Coimbatore engineering dynasty. Honda award March 2026 reflects current engineering quality standards at OEM-grade level.,Strong (15),"Defence indigenization, railways modernization, automotive electrification — all three sectors PEIPL operates in have strong government-backed tailwinds simultaneously.",Strong (15),"1,147 open roles on LinkedIn — extraordinarily aggressive hiring. Honda award March 2026. Multiple sector divisions expanding. Signals met: Hiring (massive) + Certifications + Financial.",Strong (20),Honda award for Cost & Development excellence specifically signals structured cost management and ERP-backed systems — a C7 marker. Pricol Group inherits group MIS and costing frameworks.,Strong (15),"Part of Pricol Group — formal group governance, professional management, independent board at group level. Multi-division structure ensures leadership depth beyond single founder.",100,A — Strong Federer,Strong Pass,"Pricol Group's specialty engineering division — defence, railways and automotive precision in one company. Honda award March 2026. 1,147 open roles signals full expansion mode.","Won Honda Motorcycle and Scooter India's Excellence in New Model Cost & Development Award in March 2026 — and currently has 1,147 open roles across defence, railways and auto divisions.","pricolengineering.com; LinkedIn (1,147 open roles); Honda award announcement March 2026; Pricol Group profile"
SWELECT Energy Systems Ltd,swelectes.com,Coimbatore,Specialty Manufacturing — Solar PV (Basket A adjacent),"Solar PV modules (540-600Wp, MONO PERC, TOPCON, G12, HJT), balance of systems, module mounting structures — 1GW+ manufacturing capacity",Rs.300-500Cr,Promoter-led (Public Listed),Chairman / MD,Founded 1984 (formerly Numeric Power Systems). 40+ years in energy sector. BSE/NSE listed since 1994. Deliberate strategic pivot from UPS to solar manufacturing signals operator-founder systems thinking.,PASS,1GW+ fully automated Solar PV Module manufacturing facility in Coimbatore. State-of-the-art with latest cutting-edge manufacturing technology. In-house production confirmed.,PASS,"Manufacturing facility in Coimbatore, Tamil Nadu. Listed on BSE/NSE. Operations and leadership based in Tamil Nadu.",Strong (20),1GW+ manufacturing capacity for Indian listed MSME is rare. TOPCON and HJT module capability is advanced — most Indian manufacturers are still on PERC. Next-gen technology moat.,Strong (15),40+ years in energy. Listed company since 1994. Strategic pivot from Numeric Power to solar manufacturing shows long-term systems-based thinking. JV with Fortifygrid LLC (USA) Feb 2026 shows strategic intent.,Strong (15),"Solar manufacturing is strongest tailwind in India — PLI scheme direct beneficiary, domestic content requirements, government renewable targets. HJT/TOPCON modules command premium pricing.",Strong (15),JV with Fortifygrid LLC USA for solar battery storage (Feb 2026). 1GW facility operational. 9 open roles. Signals met: Facility + Financial (JV/expansion) + Hiring.,Strong (20),"BSE/NSE listed since 1994 — mandatory quarterly results, statutory auditors, independent directors. 1GW+ automated facility requires MES/ERP for production tracking. Institutional governance in place.",Strong (15),Public company since 1994 — mandatory independent directors on board. Strategic rebranding (Numeric Power → SWELECT) and JV formation shows leadership evolution and succession planning.,100,A — Strong Federer,Strong Pass,"PLI-eligible solar PV manufacturer with 1GW+ automated facility, just formed US JV for battery storage Feb 2026, BSE/NSE listed since 1994. Triple strength: differentiation + tailwind + systems maturity.",Formed a 50:50 JV with US-based Fortifygrid LLC in February 2026 for solar battery energy storage — while operating India's largest independent solar PV manufacturing base with next-gen TOPCON/HJT capability.,swelectes.com; BSE/NSE filings; LinkedIn; JV announcement Feb 2026
Jasmine Concrete Exports Pvt Ltd,jasmine.in,Coimbatore,Specialty food & nutraceutical ingredients (Basket B),"Natural floral extracts, spice extracts, essential oils — JV partner of Firmenich (now dsm-firmenich), one of world's top 3 fragrance companies",Rs.30-100Cr,Promoter-led,MD / Director,JV formed with Firmenich in 2014 — a global major in fragrance and flavour. Chennai HQ with factories at Dindigul and Coimbatore. Specialty extraction background implied by Firmenich partnership.,PASS,Factories at Dindigul and Coimbatore for in-house manufacture of natural extracts and essential oils. Not a trader — own extraction and processing confirmed.,PASS,Factory operations in Coimbatore (and Dindigul). Manufacturing base in Tamil Nadu.,Strong (20),"JV with Firmenich (now dsm-firmenich — EUR 12B company) since 2014 is the strongest differentiation signal. Firmenich does not partner with commodity extractors. Natural floral extracts (jasmine concrete, rose absolute) are high-value specialty ingredients.",Strong (15),"Firmenich JV (2014) implies technical capability assessment by one of the world's most demanding fragrance companies. If Firmenich chose you as JV partner, your operations meet global quality standards.",Strong (15),"Natural ingredients for global fragrance and cosmetics is strong and growing. dsm-firmenich, IFF, Givaudan supply chains increasingly prefer India-origin naturals. China+1 in specialty botanicals.",Strong (15),10 aggressive hiring roles listed. Firmenich/dsm-firmenich partnership ongoing. Natural extracts demand growing globally. Signals met: Hiring + Financial (dsm-firmenich demand pull).,Moderate (10),Firmenich JV requires meeting international quality standards — implies structured QMS and traceability documentation. Multi-factory operations need coordinated systems. No explicit ERP mention found.,Moderate (8),51-200 employees. JV structure with Firmenich introduces external governance and oversight. Specific gen-2 succession or professional management not publicly confirmed.,83,A — Strong Federer,Strong Pass,JV with Firmenich since 2014 is world-class quality validation — the global fragrance industry's most demanding buyers chose this company as a manufacturing partner. Fragrance naturals are a high-value specialty niche.,JV partner of Firmenich (now dsm-firmenich) since 2014 — manufacturing natural floral and spice extracts from Coimbatore for the global fragrance industry's most demanding buyers.,jasmine.in; LinkedIn (10 open roles); Firmenich JV announcement 2014; MCA filings
Magna Electro Castings Limited,magnacast.com,Coimbatore,Precision auto components & engineering (Basket C),"Precision ferrous machined castings — ductile iron, grey iron, ADI, Si-Mo castings ranging 800g to 500kg. In-house sand 3D printing and 30+ CNC machines",Rs.100-300Cr,N. Krishna Samaraj,Managing Director,"Engineering Graduate with MBA from University of Michigan, USA. Former President of Institute of Indian Foundry Men (IIF) 2015-16. National Council Member IIF. Director of Foundries Development Foundation.",PASS,"Own manufacturing facility with sand 3D printing, 30+ CNC machines, Hunter Molding Machine, Furan Thermal Reclamation plant. Fully machined castings in-house. BSE-listed company.",PASS,"HQ and manufacturing in Coimbatore, Tamil Nadu. BSE-listed Indian public company.",Strong (20),"Sand 3D printing for castings — rare capability in Indian foundries. ADI (Austempered Ductile Iron) castings require specialized heat treatment expertise. TS 16949 and ISO 14001 certified. Supplies L&T, Elgi.",Strong (15),MD has MBA from University of Michigan and was President of Institute of Indian Foundry Men. Technical domain leadership at national level — not a business-only promoter.,Strong (15),Foundry industry growing at 8-10% CAGR. Make-in-India and defence indigenization driving precision casting demand. ADI castings gaining adoption as lightweight alternative to steel.,Moderate (8),Revenue grew 22.66% recently. Phase I expansion increased capacity 600MT to 900MT/month. Recent investment in sand reclamation plant and 3D printing. Signals met: Financial + Facility.,Strong (20),"BSE-listed — mandatory quarterly results, auditors, independent board. TS 16949 requires rigorous process documentation and audit trails. Digital manufacturing investment signals MES/ERP usage.",Strong (15),BSE-listed public company — mandatory independent directors. MD holds external institutional roles (IIF President) implying professional governance beyond family business.,93,A — Strong Federer,Strong Pass,US-educated MD who was IIF President + rare sand 3D printing capability + ADI castings + 22% revenue growth + BSE listed. Exceptional combination for a Coimbatore foundry.,One of the few Indian foundries with in-house sand 3D printing — MD N. Krishna Samaraj is a former President of the Institute of Indian Foundry Men with an MBA from University of Michigan.,magnacast.com; BSE filings FY24; LinkedIn; IIF records; Magna postal ballot notice Nov 2025
Sieger Spintech Equipments Pvt Ltd,siegerglobal.net,Coimbatore,Technical textiles & specialty yarns — machinery (Basket C),"Yarn Conditioning Plants (world's leading manufacturer), textile mill automation, automated car parking systems (AS/RS), warehouse automation",Rs.100-300Cr,G. Radhakrishnan,Managing Director,Founded company in 1994 and led its growth for 30+ years. Deep domain expertise in textile machinery and automation. Built long-term relationships with India's largest textile groups (KPR Mill etc.). DSIR-recognized R&D.,PASS,"Own R&D and world-class manufacturing facility in Coimbatore. Makes yarn conditioning plants, textile automation and automated systems — physical products, in-house production.",PASS,HQ and manufacturing in Coimbatore since 1994. Products deployed globally from Coimbatore.,Strong (20),Claims world's leading manufacturer of Yarn Conditioning Plants — highly specific niche in textile machinery. DSIR-recognized R&D. Products exported globally. 30 years of focused IP development.,Strong (15),Founder G. Radhakrishnan built company for 30+ years from a specific technical vision. DSIR-recognized R&D signals structured investment in technical capability — not a trader mindset.,Moderate (8),Technical textiles and textile machinery are PLI eligible. Yarn conditioning is critical in specialty yarn production. However core textile machinery market is mature — not a premium tailwind sector.,Moderate (8),10 open roles listed. Products deployed across global markets. Diversification into parking and AS/RS is a deliberate expansion strategy. Signals met: 1 (Hiring).,Strong (20),DSIR-recognized R&D facility — requires structured research protocols and documentation. Global operations with products in 60+ countries require coordinated production systems. 501-1000 employees.,Moderate (8),501-1000 employees across multiple product divisions suggests leadership beyond single founder. 30-year founder-led — specific gen-2 succession not publicly confirmed.,79,B — Probable Federer,Fit,World's leading yarn conditioning plant manufacturer — 30 years of niche IP from Coimbatore. DSIR-recognized R&D. Strong on differentiation and systems. Moderate on sector tailwind.,Claims to be the world's leading manufacturer of Yarn Conditioning Plants — built from Coimbatore over 30 years with DSIR-recognized R&D and products deployed across global textile mills.,siegerglobal.net; LinkedIn; DSIR recognition list; Indian Textile Magazine; YouTube corporate video 2024
SchuF Speciality Valves India Pvt Ltd,schuf-india.com,Coimbatore,Industrial machinery / specialty valves (Basket B adjacent),"Process-critical industrial valves: diverter valves, hydrocracker valves, rising stem ball valves, cryogenic globe valves, slurry valves, cam set line blinds for refineries",Rs.200-300Cr,Subhash Kasar,Executive Director — Sales & Marketing,"Senior leader with decades of experience in industrial valve design and sales. Indian subsidiary of SchuF Group (Germany, est. 1911) — original inventors of the Lift Plug and Bottom Outlet valve types.",PASS,"Full in-house design and manufacturing at Coimbatore facility. Custom engineering with special materials, coatings, heating jackets and emergency sealing. 250-499 employees in Coimbatore.",PASS,"Major manufacturing centre in Coimbatore. Indian facility is a core manufacturing hub, not just sales or assembly.",Strong (20),"Original inventor of the Lift Plug and Bottom Outlet valve types. 100+ year German engineering heritage. ISO 9001, PED, Shell TAT, EIL, Fire Safe API/ISO certified. Engineered-to-order for cryogenic, high-temperature and corrosive media.",Moderate (8),"Indian ED has deep domain expertise. However as Indian subsidiary of German parent, ultimate technical authority resides at HQ. Indian leadership is operationally strong but not the original technology inventors.",Strong (15),"India's oil & gas, petrochemical, refinery and power sectors expanding rapidly. LNG infrastructure growth driving cryogenic valve demand. Make-in-India pushing local manufacturing of critical industrial equipment.",Moderate (8),Revenue ~Rs.260Cr indicates healthy established business. Part of global group with consistent order flow. 15 open roles listed. Signals met: Financial + Hiring.,Strong (20),German parent enforces rigorous quality and documentation standards globally. Shell TAT and EIL approvals require documented manufacturing systems. ISO 9001 + PED dual certification across the Indian facility.,Moderate (8),Subsidiary of global group — professional management structure with European oversight. Not single-founder dependent. Indian leadership depth exists but ultimate authority is European HQ.,79,B — Probable Federer,Fit,"100+ year German engineering heritage in process-critical valves, manufacturing from Coimbatore. Strong differentiation and systems through parent standards. C4 and C8 moderate due to subsidiary structure.",SchuF is the original inventor of the Lift Plug and Bottom Outlet valves — your Coimbatore facility manufactures these 100+ year German engineering designs for India's growing oil & gas and refinery sectors.,schuf-india.com; schuf.de; IVAMA members directory; LinkedIn (15 open roles)
SAM Turbo Industry Pvt Ltd,sampumps.com,Coimbatore,Industrial machinery / specialty pumps (Basket C),"Market leader in slurry pumps and pulp stock pumps for thermal power, paper & pulp, fertilizer, chemical, sugar and mining sectors",Rs.100-300Cr,Promoter-led (since 1971),MD / Founder family,Multi-generational promoter-led company since 1971. ISO 9001:2015 and ISO 45001:2018 certified. 50+ years of domain expertise in specialty pump engineering.,PASS,"In-house design, manufacture and service of specialty pumps. Own manufacturing facility in Coimbatore. 501-1000 employees.",PASS,"HQ and manufacturing in Coimbatore, Tamil Nadu. Serves domestic and international markets.",Strong (20),Market leader in slurry and pulp stock pump segment — 50+ years of specialization. Slurry pumps handle abrasive media standard pumps cannot. Dual ISO 9001:2015 + ISO 45001:2018 certified.,Moderate (8),50+ years of domain expertise in specialty pumps signals accumulated technical capability. ISO 45001 alongside 9001 signals structured operations. Specific DM academic background not publicly available.,Strong (15),"Thermal power, paper & pulp, fertilizer, chemical plants — capital-intensive industries with ongoing maintenance needs. Specialty pumps are replacement-driven with recurring revenue in growing industrial base.",Moderate (8),Company operating since 1971. 6 open roles listed. Limited recent press. Revenue history not immediately public. Signals met: 1 (Website active with current content).,Moderate (10),501-1000 employees at single facility since 1971 — requires structured production planning. ISO 9001 and 45001 dual certification implies documented processes. No explicit ERP/SAP evidence found.,Moderate (8),Multi-generational company since 1971 — likely gen-2 or gen-3 involvement but specific succession evidence not publicly confirmed. 501-1000 employees suggests some professional management.,69,B — Probable Federer,Fit,"50-year specialty pump market leader in slurry and pulp stock — a real moat in a demanding niche. Strong differentiation and sector. C4, C6, C7 are moderate — worth Tofler revenue check before prioritizing.",Market leader in slurry pumps since 1971 — one of the few Indian manufacturers specializing in abrasive-media pumps for thermal power and paper & pulp industries.,sampumps.com; LinkedIn (6 open roles); ISO certification records; company description
Marcus Hi-Tech Engineering Pvt Ltd,marcusmanufacturing.com,Coimbatore,Precision auto components & engineering (Basket C),"Precision investment castings (lost wax process) in carbon steel, duplex steel, copper alloys, super alloys. 3/4/5-axis CNC machining, tool room, surface finishing, mechanical assembly",Rs.10-50Cr,Kanakaraj Santhosh Kumar,Managing Director,MD leading operations with technical focus. 45+ years of manufacturing experience through predecessor entities. IATF 16949:2016 certified — rare for company of this size.,PASS,"Full in-house manufacturing: investment casting, CNC machining (3/4/5-axis), tool room, surface finishing, assembly. IATF 16949:2016 and ISO 9001 certified. Headquarters in Coimbatore.",PASS,"HQ and manufacturing in Coimbatore. Serves customers in UK, North America, Australia, Italy, Mexico, Vietnam and Middle East from Coimbatore.",Strong (20),IATF 16949 certification is rare for a company of this size and signals automotive-grade quality. Integrated manufacturing from casting to finished assembly — single-source capability. DSIR-recognized R&D lab. Serves aerospace and healthcare.,Moderate (8),MD with technical focus and 45+ years manufacturing heritage. Company built IATF 16949 quality system which requires disciplined technical leadership. Specific academic credentials not publicly documented.,Strong (15),Aerospace component manufacturing is major China+1 beneficiary. EV growth driving demand for lightweight cast components. Healthcare equipment manufacturing growing. Investment casting is ideal for complex geometries.,Moderate (8),Revenue growing at 15.24% in FY2023. EBITDA increased 111% in one year. Recent website investment signals growth ambition. Signals met: Financial + Certifications.,Strong (20),"IATF 16949 is one of the most rigorous quality standards globally — requires documented control plans, APQP, PPAP, FMEA. DFM, APQP, PPAP, FAIR capabilities explicitly mentioned. Digital quality systems in place.",Moderate (8),Small company (25 employees) with MD-led operations. Director Senniahgowder Kanakaraj also on board. Succession structure not confirmed — likely founder-dependent at this stage.,79,B — Probable Federer,Fit,IATF 16949 certified — rare for this company size. Integrated casting-to-assembly capability for aerospace and healthcare OEMs. Strong systems maturity. Revenue band small — verify growth trajectory.,IATF 16949 certified with 45+ years of precision investment casting experience — one of the few Coimbatore manufacturers offering full casting-to-assembly for aerospace and healthcare OEMs across 8 export markets.,marcusmanufacturing.com; Tofler financials; LinkedIn; TheCompanyCheck profile
Unicorn Valves Pvt Ltd,unicorn-valves.com,Coimbatore,Industrial machinery / specialty valves (Basket B adjacent),"Control valves for oil & gas, power, water — globe, angle, 3-way valves in exotic alloys (Duplex, Super Duplex). Proprietary Cav-KILL and Deci-NILL severe service solutions",Rs.25-100Cr,Multi-cultural board of directors,MD / Director,Multi-cultural board with 30+ years of control valve industry experience. ISO 9001:2015 by TUV-SUD. Indian Boiler Regulations approved. Registered 2008.,PASS,"Own factory 35,200 sq.ft + 3,000 sq.ft R&D in Coimbatore. All valves designed and manufactured in-house including exotic alloy components. Complete trims and actuators produced in-house.",PASS,HQ and manufacturing in Coimbatore. All operations from Coimbatore facility.,Strong (20),Proprietary Cav-KILL (anti-cavitation) and Deci-NILL (noise control) — named proprietary products in a commodity valve market. ISO 9001:2015 by TUV-SUD. IBR registered. Custom exotic alloys.,Strong (15),"Multi-cultural board with 30+ years of control valve experience. Dedicated 3,000 sq.ft R&D space in a company of this size is a clear systems-thinking investment. TUV-SUD certification requires structured quality management.",Moderate (8),"Oil & gas, power, water sectors — capital-intensive with ongoing capex. Specialty severe-service valves have defensible margins. India's refining and chemical expansion provides domestic demand.",Moderate (8),5 open roles listed. Founded 2008 — 17 years of operations. R&D space investment is a growth signal. Signals met: Facility (dedicated R&D) + 1 signal.,Strong (20),"TUV-SUD ISO 9001:2015 and Indian Boiler Regulations certification require rigorous documented processes. 3,000 sq.ft dedicated R&D. In-house testing facility. Multi-cultural board governance.",Moderate (8),Multi-cultural board — not single-founder concentration. Founded 2008 — professional board structure from inception. Specific gen-2 succession not confirmed as company is only 17 years old.,79,B — Probable Federer,Fit,"Proprietary severe-service valve IP (Cav-KILL, Deci-NILL) + dedicated R&D space + TUV-SUD certification — genuine differentiation in a Coimbatore niche. Multi-cultural board is a C8 positive.","Developed proprietary Cav-KILL anti-cavitation and Deci-NILL noise control valve solutions — running a 3,000 sq.ft R&D facility within a Coimbatore control valve factory since 2008.",unicorn-valves.com; LinkedIn (5 open roles); IVAMA members directory; company description
Marcopolo Products Pvt Ltd,marcopolo.co.in,Coimbatore,Precision auto components & engineering (Basket C),"Rapid prototyping and precision plastic components — SLA/SLS/MJF 3D printing, vacuum casting, RIM, CNC machining, injection moulding. Serves auto, electronics, medical devices, defence globally",Rs.30-100Cr,Promoter-led,MD / Director,"ISO-certified. Multi-technology manufacturing for global clients. Rich experience in regulated sectors (defence, medical devices). Strategic investor in New Flyer Industries Canada.",PASS,"Integrated facility with 3D printing (SLA/SLS/MJF), vacuum casting, CNC machining, injection moulding, assembly — all in-house. Prototype to production under one roof.",PASS,Coimbatore-based manufacturing. Tamil Nadu. Serves global clients from Coimbatore.,Strong (20),Multi-technology integration under one roof (3D printing + vacuum casting + RIM + CNC + injection moulding) — most Indian manufacturers specialize in one process only. Serves defence and medical device — regulated demanding clients.,Moderate (8),Multi-technology capability serving regulated sectors implies structured quality management. ISO certified. Global client servicing implies export-grade operations. Specific DM background not public.,Strong (15),Rapid prototyping for global OEMs growing — India emerging as low-cost high-quality prototyping destination. Medical device and defence component manufacturing are strong growth sectors.,Moderate (8),Multiple open roles listed. Active on career page. Rich experience in regulated sectors. Strategic investment in New Flyer Industries Canada. Signals met: Hiring + Certifications.,Strong (20),ISO certified quality management system. Multi-technology integration requires rigorous production routing and quality checks. Serving defence and medical device mandates documented traceability and process control.,Moderate (8),ISO-certified with professional management implied by global client base. Specific succession structure not publicly confirmed. Multiple open roles across functions suggests growing leadership layer.,79,B — Probable Federer,Fit,India's specialized rapid prototyping manufacturer serving defence and medical device sectors globally from Coimbatore. Multi-technology integration is a genuine moat. Check specific OEM relationships.,Multi-technology prototyping hub (SLA + SLS + MJF 3D printing + vacuum casting + CNC + injection moulding) serving defence and medical device clients globally from a single integrated Coimbatore facility.,marcopolo.co.in; LinkedIn; New Flyer Industries investment announcement; company description
Shiva Texyarn Limited,shivatex.in,Coimbatore,Technical textiles & specialty yarns (Basket C),"Cotton yarn (52,416 spindles) plus technical textile division: coated/laminated fabrics, PPE coveralls, defence supply bags. Bannari Amman Group company",Rs.300-500Cr,S.K. Sundararaman,Managing Director,"MBA from Cambridge University, UK. Wide experience in textile technology and innovative development of technical textile products. Also serves as Independent Director at Shanthi Gears — indicating multi-company governance.",PASS,"Owns 52,416-spindle spinning unit near Coimbatore. In-house lamination, coating and garment manufacturing. Technical textile division manufactures coated/laminated fabrics and PPE products.",PASS,"HQ and all manufacturing facilities in Coimbatore, Tamil Nadu. BSE-listed public company.",Moderate (10),Among first in India to manufacture certified PPE coveralls during COVID-19. Received Rs.40.9Cr defence order for supply bags. Technical textile division differentiates from commodity yarn spinners. Core yarn business is still commoditized.,Strong (15),MD holds MBA from Cambridge University with deep textile technology expertise. Serves as Independent Director at Shanthi Gears — indicates governance credibility and structured thinking beyond own company.,Strong (15),National Technical Textiles Mission (NTTM) government push. Defence indigenization creating demand for coated fabrics and PPE. Technical textiles market growing at 12-15% CAGR.,Moderate (8),Rs.40.9Cr defence order is a significant growth signal. Technical textile capacity expansion underway. Operating profit improved. 40 open roles on LinkedIn. Signals met: Financial + Hiring.,Strong (20),"BSE-listed — mandatory quarterly results, statutory auditors, independent directors. Bannari Amman Group company inherits group-level ERP and governance systems. Multiple divisions require coordinated systems.",Strong (15),Part of Bannari Amman Group — professional group governance. MD has Cambridge MBA and external board roles. BSE listing mandates independent directors. Group structure ensures leadership depth.,83,A — Strong Federer,Pass,"Cambridge-educated MD, defence order, technical textile pivot, Bannari Amman Group backing, BSE listed. Strong systems maturity. C3 moderate because core yarn is commodity — but technical textile angle is strong.",Received a Rs.40.9Cr order from the Ministry of Defence for technical textile supply bags — one of the few Indian textile companies pivoting from commodity yarn to defence-grade technical textiles with a Cambridge-educated MD.,shivatex.in; BSE Annual Report; Screener.in; Shanthi Gears Annual Report 2023
VAF Aero Systems Pvt Ltd (VJP),vafindia.com,Coimbatore,Precision auto components & engineering / Aerospace (Basket C),"High-precision aluminium castings — defence castings, aerospace castings, gravity die casting, sand casting, green sand casting. Anodized finished castings. Established 1983",Rs.25-100Cr,Promoter-led (family),MD / Director,Founded 1983 — one of oldest foundries in Coimbatore. 40+ years in aluminium casting with defence and aerospace focus. Family-led with accumulated process knowledge.,PASS,"In-house aluminium foundry with gravity die casting, sand casting, green sand casting. Fully finished and anodized castings produced in-house. 51-200 employees.",PASS,HQ and manufacturing in Coimbatore since 1983. Supplies to Indian defence and aerospace sectors.,Moderate (10),Specialization in defence and aerospace castings provides niche positioning. Anodized finishing capability adds value. 40+ years in the same niche signals real expertise. However no unique IP or proprietary technology beyond domain focus.,Moderate (8),40+ years in aerospace casting for defence and aviation signals deep operator knowledge. Defence and aerospace customer base requires disciplined quality processes. Specific academic background not confirmed.,Strong (15),"Defence indigenization, Make-in-India, IN-SPACe — all drive demand for aluminium aerospace castings. India's defence budget growing at 8-10% annually. Lightweight castings replacing steel in aerospace.",Moderate (8),20 open roles on LinkedIn — significant hiring activity for 51-200 employee company. 40+ year established player in growing defence segment. Signals met: 1 (Hiring).,Moderate (10),Defence and aerospace customers enforce quality standards on suppliers. 40-year operation for these sectors requires systematic quality documentation. No explicit ERP mention but quality requirements drive internal systems.,Weak (0),51-200 employees. Founder-established 1983 company — succession to gen-2 not confirmed publicly. No professional managers or independent directors found in public data.,51,C — Borderline,Borderline,40-year aerospace aluminium casting foundry with defence focus and 20 open roles. Strong sector tailwind. C3 moderate (no IP moat beyond domain) and C8 weak (no succession evidence) limits score. Research MCA filings for director details.,One of Coimbatore's oldest aluminium foundries (est. 1983) specializing in defence and aerospace castings — 40+ years of accumulated expertise in anodized precision aluminium for India's defence sector.,vafindia.com; vjp.in; LinkedIn (20 open roles); company description
AQF India,aqfindia.com,Coimbatore,Precision auto components & engineering (Basket C),"Precision automobile components — selector forks, pulleys, shafts, system blocks, valves, couplings. Casting foundry plus CNC machining. 50+ years heritage",Rs.50-100Cr,Promoter-led,MD / Director,Established as precision component manufacturer with 50+ years of heritage. Built reputation as high-quality machine shop for automobile industry. CAD/CAM centre for tooling.,PASS,In-house casting foundry and CNC machine shop at CODISSIA Industrial Park Coimbatore. CAD/CAM centre. Full capability from casting to finished machined components. ISO certified.,PASS,"Manufacturing at CODISSIA Industrial Park, Coimbatore. All production in India. Serves Indian automotive OEMs.",Moderate (10),Combination of casting foundry + CNC machining provides integrated capability. 50+ years experience. Serves automotive OEMs. However auto components space in Coimbatore is highly competitive — no unique technology or certification edge visible.,Moderate (8),50+ years of accumulated precision manufacturing experience. CAD/CAM investment signals structured engineering approach. Specific DM academic credentials not publicly available.,Strong (15),Indian automotive industry growing at 8-10% CAGR. EV transition creating demand for new precision components. Coimbatore is major auto component hub with Maruti and Tata sourcing from the city.,Moderate (8),50+ year established company with active customer relationships. No public revenue growth data. Website active. Signals met: 1 (Website/company longevity).,Moderate (10),ISO certified quality management. CAD/CAM centre for tooling signals digital manufacturing investment. CODISSIA Industrial Park location suggests some infrastructure standards. No explicit ERP mention.,Weak (0),50+ year old company — unclear if gen-2 has taken formal operational role. No professional managers or independent directors found publicly. Possible founder concentration.,51,C — Borderline,Borderline,"Long-established precision manufacturer with integrated casting and machining. Strong sector. C3 moderate (competitive market), C8 weak (no succession evidence). Research further before including.",50+ years of precision casting and CNC machining in Coimbatore — supplying critical automobile components from India's auto component capital with integrated foundry-to-finish capability.,aqfindia.com; IndiaMART; CODISSIA member records; company description
Super Sales India Ltd — Engineering Division,supersales.co.in,Coimbatore,Precision auto components & engineering (Basket C),"Gears and gearboxes — inline shaft helical, parallel shaft helical, bevel helical, worm gearboxes. OEM supplier to LMW Limited. BSE-listed public company",Rs.300-500Cr,Sanjay Jayavarthanavelu,Chairman,"MBA from Philadelphia University, USA. Nearly 3 decades experience in textile, engineering, machine tools, foundry and aerospace. Also Chairman & MD of LMW Limited. Part of the LMW promoter family.",PASS,In-house manufacturing of gears and gearboxes at Coimbatore facility. BSE-listed public company. Engineering division supplies to LMW and other OEMs.,PASS,HQ and manufacturing in Coimbatore. BSE-listed Indian public company.,Moderate (10),Gear and gearbox manufacturing with OEM supply relationship to LMW. Multiple gear types. However engineering division is only ~15% of total revenue and has seen declining revenue (Rs.91Cr to Rs.61Cr). Gearbox market is competitive.,Strong (15),"Chairman Sanjay Jayavarthanavelu has MBA from Philadelphia University with 30 years across textile engineering, machine tools, foundry and aerospace. Also leads LMW Limited — institutional calibre leadership.",Moderate (8),Infrastructure development driving gearbox demand. Industrial automation requiring precision gearing. However engineering division has seen declining revenue — not in growth mode.,Weak (0),Engineering division revenue declined from Rs.91Cr to Rs.61Cr (-33%). Division incurred loss of Rs.1.57Cr in FY2025 vs profit of Rs.13.49Cr FY2024. Signals met: 0 (negative growth).,Strong (20),"BSE-listed — mandatory quarterly results, auditors, independent directors. 1,281 employees. LMW Group connection brings group-level ERP and governance standards. Formal financial reporting in place.",Strong (15),BSE-listed — mandatory independent directors. Sanjay Jayavarthanavelu leads both Super Sales and LMW — institutional group governance. Next-generation products in pipeline suggest leadership continuity planning.,68,B — Probable Federer,Fit with caveat,"Strong governance (BSE listed, Sanjay Jayavarthanavelu from LMW) but engineering division declining (-33% revenue, loss in FY25). Include for the group pedigree but flag the division performance clearly.","Chaired by Sanjay Jayavarthanavelu (also CMD of LMW Limited) — supplying gears and gearboxes to India's largest textile machinery maker from Coimbatore, with next-generation gear products in pipeline.",supersales.co.in; BSE Annual Report FY25; LMW Annual Report 2023-24
Popular Systems Pvt Ltd,popularsystems.net,Coimbatore,Precision auto components & engineering (Basket C),"Wiring harness, electrical sub-assemblies, electrical panels, junction boxes for automotive and industrial applications. Focused Factory (Synchronous Manufacturing) model implemented",Rs.30-100Cr,Promoter-led,MD / Director,"Self-owned (not PE, not subsidiary). Implements Focused Factory (Synchronous Manufacturing) concept — a structured lean manufacturing approach. 20 open roles signals aggressive hiring.",PASS,In-house wiring harness and electrical assembly manufacturing. Focused Factory model implemented. Physical production of automotive electrical components.,PASS,Coimbatore-based manufacturing. Tamil Nadu operations.,Moderate (10),Automotive wiring harness with Synchronous Manufacturing shows process discipline above commodity level. Electrical panels and junction boxes add industrial segment. Focused Factory is genuine operational methodology.,Moderate (8),Focused Factory (Synchronous Manufacturing) adoption signals structured operations thinking — a specific lean manufacturing concept. 20 aggressive hiring roles. Self-owned structure (not PE).,Strong (15),Automotive wiring harness has China+1 tailwinds. EV wiring harness is a growing sub-segment. Industrial electrical panels benefit from manufacturing capex growth.,Strong (15),20 open roles listed — aggressive for company size. Signals met: Hiring (strong) + Website (active with 20 roles listed).,Strong (20),"Focused Factory / Synchronous Manufacturing explicitly implemented — this IS structured operations. Better workflow, improved material handling, reduced inventory — operational metrics being tracked. Unusual for MSME.",Moderate (8),Self-owned company — suggests founder-centric. 20 open roles includes diverse functions suggesting growing management team. Specific succession not confirmed.,76,B — Probable Federer,Fit,MSME wiring harness maker that explicitly implemented Synchronized Manufacturing. Strong systems thinking for the size. 20 open roles. Operator-Federer archetype — company that has already accepted they need process.,Explicitly implemented Synchronized Manufacturing (Focused Factory) concept for automotive wiring harness — 20 open roles signals aggressive scale-up from this Coimbatore specialty assembler.,popularsystems.net; LinkedIn (20 open roles); company description
Cotton Concepts (CC),cottonconcepts.global,Coimbatore,Technical textiles & specialty yarns (Basket C),"Certified sustainable home textiles — GRS (Recycled), GOTS (Organic), OEKOTEX, OCS certified. Bamboo, Linen, Hemp fiber products. Design, product development and manufacturing integrated",Rs.50-100Cr,Promoter-led,MD / Director,"Privately held. 201-500 employees. Multiple international certifications (GRS, GOTS, OEKOTEX, OCS). Integrated design-to-manufacturing operation.",PASS,"In-house manufacturing of certified sustainable home textiles in Coimbatore. Design, product development and manufacturing integrated under one roof.",PASS,"Manufacturing in Coimbatore, Tamil Nadu. All operations in India.",Strong (20),"Holds GRS (Global Recycled Standard) + GOTS (Global Organic Textile Standard) + OEKOTEX + OCS simultaneously — each is a rigorous third-party audit. Bamboo, hemp, linen alongside organic cotton — specialty sustainable textiles with premium global demand.",Moderate (8),201-500 employees with integrated design and manufacturing. Multiple international certifications signal governance maturity and technical compliance. Specific founder background not confirmed.,Strong (15),European importers requiring GRS/GOTS certified products. ESG-driven sourcing from global brands. China+1 in sustainable textiles. Organic and recycled certification commands price premium.,Moderate (8),Multiple roles in textile design and admin. 201-500 employees. Annual certification renewals signal ongoing compliance investment. Signals met: 1 (Hiring + certification maintenance).,Strong (20),"GRS, GOTS, OEKOTEX certifications require rigorous documentation, material traceability systems, annual third-party audits. Integrated design-to-manufacturing means coordinated production systems.",Moderate (8),201-500 employees suggests professional management team. Integrated design capability alongside manufacturing shows leadership depth. Specific succession not confirmed.,79,B — Probable Federer,Fit,"Multiple international sustainability certifications (GRS, GOTS, OEKOTEX) in sustainable home textiles — exactly what European importers demand. Strong differentiation through certification stack.","Holds GRS, GOTS, OEKOTEX and OCS certifications simultaneously — supplying certified sustainable home textiles in organic cotton, recycled cotton, bamboo, linen and hemp to global markets from Coimbatore.",cottonconcepts.global; LinkedIn; certification body records; company description
Aaviza Electronics Pvt Ltd,aaviza.com,Coimbatore,Industrial sensors & instrumentation / Electronics manufacturing (Basket B),"Electronic manufacturing services — PCBA, box build, magnetic coil assembly, wiring harness. 3 facilities, 38,000 sq.ft. R&D subsidiary Viccacia Global Technologies formed",Rs.30-100Cr,Promoter-led,MD / Director,India SME 100 Awards 2023 winner. Industry Outstanding recognition. Formed R&D subsidiary Viccacia Global Technologies — signals growth intent. Multi-location operations across Karnataka and Tamil Nadu.,PASS,"3 manufacturing facilities (38,000 sq.ft total) in Bengaluru, Coimbatore, Doddaballapur. PCBA, box build, coil assembly, wiring harness in-house. ISO certified.",PASS,Manufacturing facility in Coimbatore confirmed. Multi-city operations with Coimbatore as home base.,Moderate (10),India SME 100 Award 2023 provides credibility. Multi-location manufacturing setup unusual for mid-size EMS. R&D subsidiary Viccacia formed to move up value chain. However EMS is competitive market.,Moderate (8),SME 100 Award and R&D subsidiary formation shows strategic thinking. Multi-location operations require structured management. Specific leadership credentials not publicly confirmed.,Strong (15),"India's EMS market growing at 20%+ CAGR driven by China+1, PLI for electronics, and domestic demand. Government push for semiconductor and electronics manufacturing.",Strong (15),India SME 100 Award 2023. Formation of R&D subsidiary (Viccacia). Multi-facility expansion signals growth ambition. National recognition. Signals met: Certifications/Recognition + Facility.,Moderate (10),ISO certified. Multi-location operations (3 facilities) require coordinated production and quality systems. EMS operations require documented traceability. No explicit ERP mention.,Moderate (8),201-500 employees across 3 cities suggests growing management layer. R&D subsidiary formation suggests second leadership layer emerging. Specific succession not confirmed.,66,B — Probable Federer,Fit,"EMS with SME 100 Award, 3 facilities and R&D subsidiary — in India's fastest growing manufacturing sector. C3 and C4 moderate. Strong growth signals and sector tailwind carry the score.",India SME 100 Award 2023 winner with 3 manufacturing facilities and a new R&D subsidiary (Viccacia Global Technologies) — positioned at the intersection of India's EMS boom and Coimbatore's engineering talent pool.,aaviza.com; India SME 100 Awards 2023; LinkedIn; company description
VEEYES Alloys Pvt Ltd,veeyes.co.in,Coimbatore,Precision auto components & engineering / Specialty castings (Basket C),Steel foundry producing high-alloy castings for oil & gas sector. 30 years of operation. 1001-5000 employees. TUV-verified GHG emissions (Scope 1 & 2),Rs.300-500Cr,Promoter-led,MD / Director,30 years in steel foundry operations for oil & gas. 1001-5000 employees — significant scale. GHG emissions verification by TUV INDIA signals formal governance consciousness.,PASS,Steel foundry in Coimbatore producing oil & gas castings. In-house manufacturing confirmed. 1001-5000 employees. 30 years operational.,PASS,Manufacturing in Coimbatore for 30+ years. All production in India.,Moderate (10),Specialization in high-alloy steel castings for oil & gas provides sector focus. TUV-verified GHG compliance signals international standards consciousness. No unique proprietary process or IP found publicly.,Moderate (8),1001-5000 employees requires structured management at scale. GHG verification initiative shows governance consciousness. Specific founder background not publicly confirmed.,Strong (15),Steel castings for oil & gas — infrastructure investment tailwinds in India and Middle East. Foundry sector is China+1 beneficiary. Oil & gas capital expenditure globally increasing.,Moderate (8),GHG verification by TUV INDIA — recent formal initiative. Several roles on LinkedIn. 1001-5000 employees at scale. Signals met: 1 (Certification — GHG verification).,Moderate (10),1001-5000 employees requires structured HR and production systems. GHG Scope 1 & 2 verification requires data measurement infrastructure. No explicit ERP mention but scale implies systems.,Weak (0),Privately held — ownership and succession structure not publicly visible. No MCA filing data available. No professional managers or independent directors found in public data.,51,C — Borderline,Borderline,Large foundry (1001-5000 employees) with oil & gas specialty and recent TUV GHG certification. C8 is weak — succession not visible. Research MCA director filings before including.,Recently completed TUV INDIA third-party GHG Emissions Scope 1 & 2 verification — one of few Coimbatore foundries pursuing formal carbon accounting ahead of regulatory requirements.,veeyes.co.in; LinkedIn; TUV INDIA verification announcement; company description
DMW CNC Solutions India Pvt Ltd,dmwindia.com,Coimbatore,Precision auto components & engineering (Basket C),"CNC machined components (cast iron, ductile iron, aluminium, brass). Electric motors 0.5-100HP (brand DMW). Rotary tillers for agriculture (brand Ishan). Multi-product company",Rs.50-100Cr,Promoter-led,MD / Director,"Privately held. 501-1000 employees — substantial size. Two own consumer brands (DMW motors, Ishan tillers) alongside contract machining. Multi-product management implies structured operations.",PASS,In-house machining of castings. In-house motor manufacturing (0.5-100HP). In-house rotary tiller production. Multiple product lines under own brands confirmed.,PASS,Manufacturing in Coimbatore. All operations in India.,Moderate (10),"Three distinct product lines with own brands (DMW motors, Ishan tillers). Unusual breadth for an MSME. Own brands signal some IP/brand investment. Not pure contract manufacturer.",Moderate (8),501-1000 employees running 3 distinct product lines requires structured management. Brand investment in DMW and Ishan shows long-term business thinking. Specific DM background not confirmed.,Moderate (8),Electric motors — growing with EV and industrial automation. Agricultural equipment — farm mechanization push. Precision machining — China+1 benefit. Multiple segments but none with dominant tailwind.,Moderate (8),501-1000 employees with multiple product categories suggests ongoing growth. Multiple roles listed. No specific expansion announcement found. Signals met: 1 (Hiring).,Moderate (10),501-1000 employees across 3 product lines requires coordinated production planning. Multiple brands need organized operations structure. No explicit ERP mention found.,Moderate (8),Privately held with 501-1000 employees — likely has some professional management. Multiple brands suggest leadership beyond single founder. Specific succession not confirmed.,52,C — Borderline,Borderline,"Three-product company with own brands — operational complexity for a private MSME is a positive signal. However without clear differentiation in any one segment, sits borderline. Motor and agri brand deserves deeper investigation.","Runs three distinct product lines — CNC machined components, DMW branded electric motors (0.5-100HP), and Ishan branded rotary tillers — from a 500+ person Coimbatore operation.",dmwindia.com; LinkedIn; company description
Five Fingers Exports India Pvt Ltd,fivefingersexports.com,Coimbatore,Industrial machinery (Basket C),"PP woven bag machinery — BCS Liner Insertion Machine, Cement Valve Bag Machine, Flexo Roll-to-Roll Printing Machine, automation solutions. Exports to 20+ countries including USA, Canada, UAE, Africa",Rs.30-50Cr,"A. Ananth, K.P. Arunkumar, M. Mohamad Imran Badusha",Co-founders,Named 3-founder team — transparent governance. Founded 2011. ISO 9001 certified. Launched Heavy Duty BCS Machine 2025 — active R&D. Export to 20+ countries confirms international quality standard.,PASS,In-house design and manufacturing of PP woven bag machinery in Coimbatore since 2011. ISO 9001 certified manufacturer. Not a trader.,PASS,Manufacturing in Coimbatore since 2011. Exports from Coimbatore to 20+ countries.,Strong (20),"Niche machinery for PP woven bag industry. Exports to 20+ countries including USA, Canada, UAE, Africa. Recently launched Heavy Duty BCS Machine with liner and top hemming — new product innovation. ISO 9001 certified.",Strong (15),Named 3-founder team with transparent governance. Recently launched new product (Heavy Duty BCS Machine) — signals active R&D. Export to 20+ countries confirms international quality standards met.,Strong (15),PP woven packaging machinery — growing global demand. Exports to 20+ countries confirms international demand. Packaging industry growing with e-commerce and FMCG expansion.,Strong (15),Recently launched Heavy Duty BCS Machine (significant product innovation). 6 open roles (aggressive for this size). Exports to 20+ countries and counting. Signals met: 2 (Certifications/New product + Hiring).,Moderate (10),ISO 9001 certified. Multi-founder team requires structured coordination. Export to 20+ countries demands quality documentation. No explicit ERP but structured operations implied by export scale.,Strong (15),3 named co-founders with distinct responsibilities — not single-founder concentration. Multi-founder governance is positive succession signal. Professional structure for a 2011 company.,90,A — Strong Federer,Strong Pass,"Niche PP woven bag machinery manufacturer exporting to 20+ countries with named 3-founder team, fresh product launch (Heavy Duty BCS Machine), and aggressive hiring. Strong Federer in a very specific niche.","Just launched the Heavy Duty BCS Machine for Liner and Top Hemming — one of Coimbatore's specialized machinery exporters reaching 20+ countries including USA, Canada, UAE and Africa.",fivefingersexports.com; LinkedIn (6 open roles); product launch announcement 2025; ISO 9001 records
CarlStahl Craftsman Enterprises Pvt Ltd,carlstahlcraftsman.com,Coimbatore,Precision auto components & engineering (Basket C),"Industrial lifting solutions — electric chain hoists, wire rope hoists, light crane systems, spring balancers, monorail systems. Designed for India, manufactured to European standards. JV with Carl Stahl Germany (140 years)",Rs.50-100Cr,JV Management (Carl Stahl + Craftsman Automation),MD / JV Director,JV formed 2007 between Carl Stahl (140-year German material handling group) and Craftsman Automation (world-class Indian engineering). JV governance structure enforces European engineering and quality standards.,PASS,"Complete in-house manufacturing at Coimbatore facility including machining, casting, assembly, welding and surface treatment. Not importing and reselling European products — manufacturing locally to European standards.",PASS,Manufacturing facility in Coimbatore confirmed. All production in India.,Strong (20),"JV with Carl Stahl (140-year German material handling group) — European design standards applied to Indian manufacturing. Serves automotive, aerospace, pharma and solar manufacturing. German technical heritage is the moat.",Strong (15),"JV structure with 140-year European company forces structured quality processes, documentation and engineering discipline. Professional management implied by JV governance across both partners.",Strong (15),"Industrial lifting equipment — manufacturing sector growth drives demand. Automotive, aerospace and pharma customers all growing. Make-in-India for industrial equipment. Import substitution of European-standard hoists.",Moderate (8),5 open roles. Sales and Engineering hiring. JV since 2008 — stable established operation. Serving multiple growing sectors. Signals met: 1 (Hiring).,Strong (20),"JV with European partner requires formal quality systems, documentation, engineering standards compliance. Automotive, aerospace and pharma customers demand rigorous process control. Professional JV governance structure enforces systems discipline.",Strong (15),JV governance structure with Carl Stahl means formal board with European oversight. Not a single-founder-dependent company. Professional management required by JV agreement. Leadership depth institutionalized.,93,A — Strong Federer,Strong Pass,European-standard industrial lifting equipment manufacturing from Coimbatore since 2008. JV governance with 140-year German company enforces systems maturity. Strong on all 6 criteria.,JV with 140-year-old German material handling company Carl Stahl — manufacturing European-standard industrial hoists and crane systems entirely in Coimbatore since 2008.,carlstahlcraftsman.com; LinkedIn (5 open roles); Carl Stahl Group global records; company description
Geco Legend Enviro Tech,gecolegend.com,Coimbatore,Precision auto components & engineering (Basket C),"High precision machining (E350, E450, hardened materials, stainless steels, aluminium alloys). Cylinder manufacturing, precision fabrication, air filtration and extraction equipment manufacturing",Rs.50-100Cr,Promoter-led (Partnership),Partner / Director,"Group of companies specializing in high precision machining, cylinder manufacturing and fabrication. Partnership-based structure with combined capabilities under one roof. 20 open roles.",PASS,In-house high precision machining for hardened materials and exotic alloys. Cylinder manufacturing and precision fabrication. Air filtration and extraction equipment manufacturing. 201-500 employees.,PASS,Manufacturing in Coimbatore. All operations in India.,Moderate (10),"Capability to machine hardened E350/E450 and exotic alloys provides some differentiation. Integrated group structure with machining, cylinder and filtration under one roof. No unique certification or IP found.",Moderate (8),Group leadership with multi-capability precision manufacturing expertise. Partnership structure with export orientation. Specific founder academic credentials not confirmed.,Strong (15),Precision machining for export — China+1 beneficiary. Air filtration equipment growing with industrial environmental compliance push. Contract manufacturing for global OEMs growing.,Strong (15),20 open roles on LinkedIn — aggressive hiring for 201-500 employee company. Partnership with group companies signals growth structure. Signals met: 2 (Hiring + company growth structure).,Moderate (10),201-500 employees across group companies requires structured coordination. Multiple precision capabilities under one roof requires process discipline. No explicit ERP mention found.,Weak (0),Partnership firm — succession and professional management not confirmed publicly. Single family concentration likely in partnership structure.,58,C — Borderline,Borderline,Strong precision machining capabilities including hardened and exotic alloys. 20 open roles is positive signal. Partnership structure and no systems maturity evidence limits score.,"Machines hardened E350/E450 steel and exotic alloys across precision CNC, cylinder manufacturing and air filtration equipment — multiple high-precision capabilities under one Coimbatore roof with 20 open roles.",gecolegend.com; LinkedIn (20 open roles); company description
Genner Hydraulics,gennerhydraulics.com,Coimbatore,Industrial machinery / precision engineering (Basket C),Standard and custom hydraulic cylinders for diverse industries and geographies. High-calibre materials with state-of-the-art production and strict quality control. Design to manufacture to servicing,Rs.30-100Cr,Promoter-led,MD / Director,Privately held. Highly skilled engineering team. Preferred supplier positioning claimed. Multiple open roles in engineering and quality assurance. Custom hydraulic cylinder specialist.,PASS,In-house manufacturing of hydraulic cylinders. Design to manufacture to servicing all in-house. Own facility in Coimbatore.,PASS,Coimbatore-based manufacturing. Tamil Nadu. Serves broad customer base across industries and geographies.,Moderate (10),Custom hydraulic cylinders — the custom element is key. Standard hydraulic cylinders are commodity; custom cylinders for specific load/pressure/environment requirements are engineered products. Multiple industry coverage.,Moderate (8),Focus on professional engineering workforce and preferred supplier positioning. QA hiring signals structured approach. Specific DM academic credentials not publicly available.,Moderate (8),"Hydraulic systems used across construction, industrial, agriculture and defence. Moderate stable tailwind without specific growth spike.",Moderate (8),Multiple roles in engineering and quality assurance. Active hiring. Signals met: 1 (Hiring — QA and engineering focus).,Moderate (10),State-of-the-art production techniques and strict quality control explicitly mentioned. Engineering and QA roles being hired signals structured processes. No explicit ERP mention.,Weak (0),"51-200 employees, privately held — succession and professional management not publicly confirmed. Likely founder-dependent at this size.",44,C — Borderline,Borderline,Custom hydraulic cylinder maker with engineering focus. Small size and limited public evidence of systems or succession limits score. Verify if they serve defence or mining applications — would improve profile significantly.,Custom hydraulic cylinder manufacturer serving diverse industries from Coimbatore — engineering and quality assurance hiring signals capability-building intent.,gennerhydraulics.com; LinkedIn; company description
Hydro Press Industries,hydropressindustries.com,Coimbatore,Industrial machinery (Basket C),Filter press manufacturer — sizes 470mm to 2000mm with various automation configurations. Manufacturer and exporter. Partnership firm,Rs.30-100Cr,Promoter-led (Partnership),Partner / Director,Partnership firm. Manufacturer and exporter of filter presses. 15 open roles — moderate hiring. Operating in industrial liquid-solid separation equipment niche.,PASS,Own manufacturing of filter presses in Coimbatore. Partnership firm with established production. In-house fabrication and assembly.,PASS,Coimbatore-based manufacturing. Tamil Nadu. Exports from Coimbatore.,Moderate (10),Filter press manufacturer with size range 470-2000mm and automation configurations — some technical depth. Exporter status signals quality above local-only standard. No certifications or specific industry focus found.,Moderate (8),Partnership firm — founder/partner managed. 15 open roles signals active growth. Specific DM background not available publicly.,Moderate (8),"Filter presses serve chemical, pharma, food, mining sectors — moderate stable demand. No specific sector tailwind driving exceptional growth.",Moderate (8),15 open roles (moderate for size). Active exports. Signals met: 1 (Hiring + export activity).,Weak (0),Partnership firm structure — typically less formal systems. No ERP or digital systems evidence. No structured costing model evidence found publicly.,Weak (0),Partnership firm — no succession evidence. Single family concentration likely. No professional managers or independent directors found.,34,D — Not ICP,Fail,"Partnership firm with weak systems maturity (C7=0), no succession evidence (C8=0), and no strong differentiation. Despite export presence and 15 open roles, structural issues are disqualifying. Included as fail documentation per assignment requirement.",—,hydropressindustries.com; LinkedIn (15 open roles); company description
